outcome,ai_source,hm_spec,interaction,controls,winsor,weighted,high_mapping_conf,term,std_beta,robust_se,p_value,n,r2,adj_r2,p_fdr_bh
growth,ilo_exposure_mean,HM_equal_z,False,True,False,False,False,AI,-0.1745973304489219,0.0770980389215586,0.0235363514423265,571,0.3736921028592493,0.3437582695400223,0.0916040705491497
growth,ilo_exposure_mean,HM_equal_z,False,True,False,False,False,HM,0.0700404403741755,0.0469544290987041,0.1357860845389513,571,0.3736921028592493,0.3437582695400223,0.2778767631024278
growth,ilo_exposure_mean,HM_equal_z,False,True,False,False,False,log_emp,0.1981597048507554,0.0394866917852557,5.210572637482654e-07,571,0.3736921028592493,0.3437582695400223,
growth,ilo_exposure_mean,HM_equal_z,False,True,False,False,False,education_ord,0.1753594594700388,0.0660795100390382,0.0079599353328891,571,0.3736921028592493,0.3437582695400223,
growth,ilo_exposure_mean,HM_equal_z,False,True,False,False,False,self_emp,0.0111049456030728,0.0375919463587401,0.7676825496053288,571,0.3736921028592493,0.3437582695400223,
growth,ilo_exposure_mean,HM_equal_z,True,True,False,False,False,AI,-0.1755925235962068,0.0795877041400299,0.0273646086004886,571,0.3736962640091662,0.34255408929139,0.1030197029665456
growth,ilo_exposure_mean,HM_equal_z,True,True,False,False,False,HM,0.0698026168105087,0.0480101940002474,0.1459705920406693,571,0.3736962640091662,0.34255408929139,0.2910111537140714
growth,ilo_exposure_mean,HM_equal_z,True,True,False,False,False,AIxHM,-0.002439366075148,0.0496307358141154,0.9607995098529164,571,0.3736962640091662,0.34255408929139,0.9760502957235976
growth,ilo_exposure_mean,HM_equal_z,True,True,False,False,False,log_emp,0.1983005109729345,0.0396243173984641,5.600270319903447e-07,571,0.3736962640091662,0.34255408929139,
growth,ilo_exposure_mean,HM_equal_z,True,True,False,False,False,education_ord,0.1750325893255955,0.0663079481519871,0.0082981296792572,571,0.3736962640091662,0.34255408929139,
growth,ilo_exposure_mean,HM_equal_z,True,True,False,False,False,self_emp,0.011005854093561,0.0378458004190823,0.7711983167921209,571,0.3736962640091662,0.34255408929139,
growth,ilo_exposure_mean,HM_PCA1,False,True,False,False,False,AI,-0.1864684852758582,0.0764541568700225,0.0147296759684063,571,0.3729002963679549,0.3429286193561293,0.0663739088644502
growth,ilo_exposure_mean,HM_PCA1,False,True,False,False,False,HM,0.0616503216527221,0.0469990984579626,0.1896098558722467,571,0.3729002963679549,0.3429286193561293,0.3370841882173276
growth,ilo_exposure_mean,HM_PCA1,False,True,False,False,False,log_emp,0.1989073158214833,0.0395336014569698,4.870425762312276e-07,571,0.3729002963679549,0.3429286193561293,
growth,ilo_exposure_mean,HM_PCA1,False,True,False,False,False,education_ord,0.171173686989645,0.0672987362140344,0.0109751084481228,571,0.3729002963679549,0.3429286193561293,
growth,ilo_exposure_mean,HM_PCA1,False,True,False,False,False,self_emp,0.0092150790711894,0.0375820699028213,0.8063024925264033,571,0.3729002963679549,0.3429286193561293,
growth,ilo_exposure_mean,HM_PCA1,True,True,False,False,False,AI,-0.188044326817059,0.0773378233051602,0.015037838727102,571,0.3729331974104044,0.3417530801545682,0.0663739088644502
growth,ilo_exposure_mean,HM_PCA1,True,True,False,False,False,HM,0.0605838657918824,0.0486611308168787,0.2131260249627758,571,0.3729331974104044,0.3417530801545682,0.367392314475169
growth,ilo_exposure_mean,HM_PCA1,True,True,False,False,False,AIxHM,-0.0071406050333849,0.0494458294662215,0.8851746000161289,571,0.3729331974104044,0.3417530801545682,0.9211573073338576
growth,ilo_exposure_mean,HM_PCA1,True,True,False,False,False,log_emp,0.1991717347751778,0.0395930891614877,4.892861928224259e-07,571,0.3729331974104044,0.3417530801545682,
growth,ilo_exposure_mean,HM_PCA1,True,True,False,False,False,education_ord,0.1705272366326037,0.0673070993737651,0.0112907240045603,571,0.3729331974104044,0.3417530801545682,
growth,ilo_exposure_mean,HM_PCA1,True,True,False,False,False,self_emp,0.0088930301507295,0.0378373353115458,0.8141829618581697,571,0.3729331974104044,0.3417530801545682,
growth,observed_exposure,HM_equal_z,False,True,False,False,False,AI,-0.0801032547720211,0.0538122112748079,0.1366005803793109,565,0.3695433238952074,0.3390751573920018,0.2778767631024278
growth,observed_exposure,HM_equal_z,False,True,False,False,False,HM,0.0790232511225755,0.0475277437351295,0.0963772571061584,565,0.3695433238952074,0.3390751573920018,0.2235767237069247
growth,observed_exposure,HM_equal_z,False,True,False,False,False,log_emp,0.2018879573216644,0.0402000577094119,5.111454214088453e-07,565,0.3695433238952074,0.3390751573920018,
growth,observed_exposure,HM_equal_z,False,True,False,False,False,education_ord,0.1597838775128379,0.0650123241296724,0.0139811433230895,565,0.3695433238952074,0.3390751573920018,
growth,observed_exposure,HM_equal_z,False,True,False,False,False,self_emp,0.0244257387242032,0.0377516386992216,0.5176245976721796,565,0.3695433238952074,0.3390751573920018,
growth,observed_exposure,HM_equal_z,True,True,False,False,False,AI,-0.0695434355744077,0.0579129700796216,0.2298184671195569,565,0.3697546215684173,0.3380663064517455,0.3870626814645169
growth,observed_exposure,HM_equal_z,True,True,False,False,False,HM,0.0805348738996506,0.0487243515277844,0.0983579297138035,565,0.3697546215684173,0.3380663064517455,0.2235767237069247
growth,observed_exposure,HM_equal_z,True,True,False,False,False,AIxHM,0.0174207793792591,0.0528388281725759,0.7416292604728769,565,0.3697546215684173,0.3380663064517455,0.8501114996941016
growth,observed_exposure,HM_equal_z,True,True,False,False,False,log_emp,0.1997966211757133,0.040037136254117,6.029104666795972e-07,565,0.3697546215684173,0.3380663064517455,
growth,observed_exposure,HM_equal_z,True,True,False,False,False,education_ord,0.1605203593529932,0.0653280668148425,0.0140047182666893,565,0.3697546215684173,0.3380663064517455,
growth,observed_exposure,HM_equal_z,True,True,False,False,False,self_emp,0.024988540610774,0.0376913859838213,0.5073449685138705,565,0.3697546215684173,0.3380663064517455,
growth,observed_exposure,HM_PCA1,False,True,False,False,False,AI,-0.0878215214769443,0.0533226594342645,0.0995615097757399,565,0.3681987373289482,0.3376655908058119,0.2235767237069247
growth,observed_exposure,HM_PCA1,False,True,False,False,False,HM,0.0652954318720246,0.0474973140049657,0.1692187621704476,565,0.3681987373289482,0.3376655908058119,0.3139130660553231
growth,observed_exposure,HM_PCA1,False,True,False,False,False,log_emp,0.2036954310125618,0.0402848049106113,4.272812309858453e-07,565,0.3681987373289482,0.3376655908058119,
growth,observed_exposure,HM_PCA1,False,True,False,False,False,education_ord,0.1556724751054939,0.0664612937704708,0.019165158476928,565,0.3681987373289482,0.3376655908058119,
growth,observed_exposure,HM_PCA1,False,True,False,False,False,self_emp,0.0233856528903353,0.0379055509930471,0.5372707822514354,565,0.3681987373289482,0.3376655908058119,
growth,observed_exposure,HM_PCA1,True,True,False,False,False,AI,-0.076865007384179,0.0531048102772315,0.1477791014954269,565,0.3691001750425594,0.3373789547933026,0.2910111537140714
growth,observed_exposure,HM_PCA1,True,True,False,False,False,HM,0.0702125669607634,0.0494851866965467,0.1559397477905139,565,0.3691001750425594,0.3373789547933026,0.2973307022990549
growth,observed_exposure,HM_PCA1,True,True,False,False,False,AIxHM,0.0391068930185663,0.0555113554385265,0.4811310597679243,565,0.3691001750425594,0.3373789547933026,0.6842752850032702
growth,observed_exposure,HM_PCA1,True,True,False,False,False,log_emp,0.1999166210541872,0.0399893501095169,5.755476704350003e-07,565,0.3691001750425594,0.3373789547933026,
growth,observed_exposure,HM_PCA1,True,True,False,False,False,education_ord,0.1566313998076462,0.0668239320017759,0.0190811544882975,565,0.3691001750425594,0.3373789547933026,
growth,observed_exposure,HM_PCA1,True,True,False,False,False,self_emp,0.0249556443352057,0.0376357181282064,0.5072767264253866,565,0.3691001750425594,0.3373789547933026,
opening_rate,ilo_exposure_mean,HM_equal_z,False,True,False,False,False,AI,-0.1141486362267853,0.0570740281356845,0.0454991666534863,571,0.6114612492305573,0.5928913824658413,0.1386641269439584
opening_rate,ilo_exposure_mean,HM_equal_z,False,True,False,False,False,HM,-0.1051229769511887,0.0407155526537029,0.0098261606865216,571,0.6114612492305573,0.5928913824658413,0.0552299038943783
opening_rate,ilo_exposure_mean,HM_equal_z,False,True,False,False,False,log_emp,0.0243686378137617,0.0351577703315791,0.4882327474257297,571,0.6114612492305573,0.5928913824658413,
opening_rate,ilo_exposure_mean,HM_equal_z,False,True,False,False,False,education_ord,-0.509357558033691,0.0623051579705686,2.9535856833555037e-16,571,0.6114612492305573,0.5928913824658413,
opening_rate,ilo_exposure_mean,HM_equal_z,False,True,False,False,False,self_emp,-0.0651469925691561,0.038338263930119,0.0892686622300997,571,0.6114612492305573,0.5928913824658413,
opening_rate,ilo_exposure_mean,HM_equal_z,True,True,False,False,False,AI,-0.1414665203644978,0.0593777131453691,0.0171962250996251,571,0.6145966475875804,0.595432944981438,0.0733705604250671
opening_rate,ilo_exposure_mean,HM_equal_z,True,True,False,False,False,HM,-0.1116511936849846,0.0398878041057303,0.0051240325981787,571,0.6145966475875804,0.595432944981438,0.0345197985561517
opening_rate,ilo_exposure_mean,HM_equal_z,True,True,False,False,False,AIxHM,-0.066960187569796,0.0318352315536712,0.03543641145864,571,0.6145966475875804,0.595432944981438,0.1163041196591261
opening_rate,ilo_exposure_mean,HM_equal_z,True,True,False,False,False,log_emp,0.0282337421325112,0.0349311735474658,0.4189364457144292,571,0.6145966475875804,0.595432944981438,
opening_rate,ilo_exposure_mean,HM_equal_z,True,True,False,False,False,education_ord,-0.5183300883996216,0.0613880325559522,3.0796425504529574e-17,571,0.6145966475875804,0.595432944981438,
opening_rate,ilo_exposure_mean,HM_equal_z,True,True,False,False,False,self_emp,-0.0678670378018428,0.0384299847208917,0.0773972249706739,571,0.6145966475875804,0.595432944981438,
opening_rate,ilo_exposure_mean,HM_PCA1,False,True,False,False,False,AI,-0.100480822631817,0.0554880399767907,0.0701632217994412,571,0.6126712984083733,0.5941592648764206,0.18710192479851
opening_rate,ilo_exposure_mean,HM_PCA1,False,True,False,False,False,HM,-0.1183403732801016,0.0420137495735867,0.0048518942941572,571,0.6126712984083733,0.5941592648764206,0.034502359425118
opening_rate,ilo_exposure_mean,HM_PCA1,False,True,False,False,False,log_emp,0.0242730373768946,0.034947022443371,0.487326899196984,571,0.6126712984083733,0.5941592648764206,
opening_rate,ilo_exposure_mean,HM_PCA1,False,True,False,False,False,education_ord,-0.4932773245428078,0.0641101733881798,1.423678059310948e-14,571,0.6126712984083733,0.5941592648764206,
opening_rate,ilo_exposure_mean,HM_PCA1,False,True,False,False,False,self_emp,-0.0634800683135681,0.0379905633317113,0.0947329242965911,571,0.6126712984083733,0.5941592648764206,
opening_rate,ilo_exposure_mean,HM_PCA1,True,True,False,False,False,AI,-0.1204894848656163,0.0564230092843331,0.0327228677785343,571,0.6179755079780018,0.5989798150045322,0.1132034344770917
opening_rate,ilo_exposure_mean,HM_PCA1,True,True,False,False,False,HM,-0.1318813001746921,0.0406849001829481,0.001188901691899,571,0.6179755079780018,0.5989798150045322,0.0108699583259343
opening_rate,ilo_exposure_mean,HM_PCA1,True,True,False,False,False,AIxHM,-0.0906651782699256,0.0314937203495789,0.0039914896049429,571,0.6179755079780018,0.5989798150045322,0.0300535687901585
opening_rate,ilo_exposure_mean,HM_PCA1,True,True,False,False,False,log_emp,0.0276303987576744,0.0345867136290605,0.4243639375136091,571,0.6179755079780018,0.5989798150045322,
opening_rate,ilo_exposure_mean,HM_PCA1,True,True,False,False,False,education_ord,-0.5014853876676737,0.0631056403506781,1.9145258989192427e-15,571,0.6179755079780018,0.5989798150045322,
opening_rate,ilo_exposure_mean,HM_PCA1,True,True,False,False,False,self_emp,-0.0675691647765084,0.0382467001661319,0.0772840930973225,571,0.6179755079780018,0.5989798150045322,
opening_rate,observed_exposure,HM_equal_z,False,True,False,False,False,AI,-0.0157738623185441,0.0407900725641907,0.6989721217982199,565,0.6071253335048625,0.588138825458629,0.8501114996941016
opening_rate,observed_exposure,HM_equal_z,False,True,False,False,False,HM,-0.0860499413007456,0.0408457187442604,0.0351430281674156,565,0.6071253335048625,0.588138825458629,0.1163041196591261
opening_rate,observed_exposure,HM_equal_z,False,True,False,False,False,log_emp,0.0146725402781145,0.0361787599118991,0.6850683129534523,565,0.6071253335048625,0.588138825458629,
opening_rate,observed_exposure,HM_equal_z,False,True,False,False,False,education_ord,-0.5216987709056756,0.0602994230547932,5.0691788862937796e-18,565,0.6071253335048625,0.588138825458629,
opening_rate,observed_exposure,HM_equal_z,False,True,False,False,False,self_emp,-0.0605690862537225,0.0379762281886524,0.1107298887139036,565,0.6071253335048625,0.588138825458629,
opening_rate,observed_exposure,HM_equal_z,True,True,False,False,False,AI,-0.0292869507612381,0.0468294815703686,0.531711462736693,565,0.6074713453674745,0.5877352677602525,0.7225333138763266
opening_rate,observed_exposure,HM_equal_z,True,True,False,False,False,HM,-0.0879843202798136,0.0408499936935479,0.0312527794936252,565,0.6074713453674745,0.5877352677602525,0.111120993755112
opening_rate,observed_exposure,HM_equal_z,True,True,False,False,False,AIxHM,-0.0222928563536203,0.0314801142146981,0.4788479016853911,565,0.6074713453674745,0.5877352677602525,0.6842752850032702
opening_rate,observed_exposure,HM_equal_z,True,True,False,False,False,log_emp,0.0173487613170152,0.0367860318769836,0.6372032309195093,565,0.6074713453674745,0.5877352677602525,
opening_rate,observed_exposure,HM_equal_z,True,True,False,False,False,education_ord,-0.5226412249435924,0.0601384800335899,3.604379492880218e-18,565,0.6074713453674745,0.5877352677602525,
opening_rate,observed_exposure,HM_equal_z,True,True,False,False,False,self_emp,-0.0612892871896138,0.0380691686404186,0.1074097521170943,565,0.6074713453674745,0.5877352677602525,
opening_rate,observed_exposure,HM_PCA1,False,True,False,False,False,AI,-0.0122795781914976,0.0397074730004019,0.7571305544150593,565,0.608631368221386,0.5897176425220477,0.8501114996941016
opening_rate,observed_exposure,HM_PCA1,False,True,False,False,False,HM,-0.1032764482039517,0.0420103334195884,0.0139573878268033,565,0.608631368221386,0.5897176425220477,0.0661683571048453
opening_rate,observed_exposure,HM_PCA1,False,True,False,False,False,log_emp,0.0145420481111173,0.0359962654979386,0.6862217721778117,565,0.608631368221386,0.5897176425220477,
opening_rate,observed_exposure,HM_PCA1,False,True,False,False,False,education_ord,-0.5048186842121051,0.0622535795717616,5.100832111763203e-16,565,0.608631368221386,0.5897176425220477,
opening_rate,observed_exposure,HM_PCA1,False,True,False,False,False,self_emp,-0.0603983831491847,0.0377486364679372,0.1095952642121348,565,0.608631368221386,0.5897176425220477,
opening_rate,observed_exposure,HM_PCA1,True,True,False,False,False,AI,-0.0227417361690603,0.0409518169228265,0.5786695691498793,565,0.609453295638526,0.5898168691622507,0.7558133148080056
opening_rate,observed_exposure,HM_PCA1,True,True,False,False,False,HM,-0.1079717229656016,0.0418744684901857,0.0099241233560211,565,0.609453295638526,0.5898168691622507,0.0552299038943783
opening_rate,observed_exposure,HM_PCA1,True,True,False,False,False,AIxHM,-0.0373423964326437,0.0323876110538324,0.2489169633383541,565,0.609453295638526,0.5898168691622507,0.4084791193244785
opening_rate,observed_exposure,HM_PCA1,True,True,False,False,False,log_emp,0.0181503587852036,0.0363718230419613,0.6177635193142637,565,0.609453295638526,0.5898168691622507,
opening_rate,observed_exposure,HM_PCA1,True,True,False,False,False,education_ord,-0.5057343423892905,0.0620488902187542,3.6218783709105566e-16,565,0.609453295638526,0.5898168691622507,
opening_rate,observed_exposure,HM_PCA1,True,True,False,False,False,self_emp,-0.0618975368380839,0.0379638369337632,0.1030097684469699,565,0.609453295638526,0.5898168691622507,
log_wage,ilo_exposure_mean,HM_equal_z,False,True,False,False,False,AI,0.0401892499011237,0.0478493735984368,0.4009578832679352,566,0.7436445073502693,0.7312785652187425,0.596774523933671
log_wage,ilo_exposure_mean,HM_equal_z,False,True,False,False,False,HM,0.1389500028863673,0.029653533569618,2.788925823400011e-06,566,0.7436445073502693,0.7312785652187425,6.448178414374472e-05
log_wage,ilo_exposure_mean,HM_equal_z,False,True,False,False,False,log_emp,-0.0486943328982848,0.0245663572488073,0.0474618724267518,566,0.7436445073502693,0.7312785652187425,
log_wage,ilo_exposure_mean,HM_equal_z,False,True,False,False,False,education_ord,0.7532198678477827,0.0545598568065609,2.365032293994082e-43,566,0.7436445073502693,0.7312785652187425,
log_wage,ilo_exposure_mean,HM_equal_z,False,True,False,False,False,self_emp,-0.0037273054176602,0.0294315447632243,0.8992227925722138,566,0.7436445073502693,0.7312785652187425,
log_wage,ilo_exposure_mean,HM_equal_z,True,True,False,False,False,AI,0.0441304300649731,0.051279403006573,0.3894650920549983,566,0.7437079240525903,0.7308456823228876,0.5864886092122328
log_wage,ilo_exposure_mean,HM_equal_z,True,True,False,False,False,HM,0.1399197714076294,0.0300763653441051,3.2849153913750862e-06,566,0.7437079240525903,0.7308456823228876,6.448178414374472e-05
log_wage,ilo_exposure_mean,HM_equal_z,True,True,False,False,False,AIxHM,0.0094792825397189,0.0264679583337917,0.7202371905555315,566,0.7437079240525903,0.7308456823228876,0.8501114996941016
log_wage,ilo_exposure_mean,HM_equal_z,True,True,False,False,False,log_emp,-0.0492522513509456,0.024482325004621,0.0442465812469589,566,0.7437079240525903,0.7308456823228876,
log_wage,ilo_exposure_mean,HM_equal_z,True,True,False,False,False,education_ord,0.7544637568816495,0.0546219347852957,2.1435804510358762e-43,566,0.7437079240525903,0.7308456823228876,
log_wage,ilo_exposure_mean,HM_equal_z,True,True,False,False,False,self_emp,-0.0033436447994229,0.0296660988869461,0.9102610396577444,566,0.7437079240525903,0.7308456823228876,
log_wage,ilo_exposure_mean,HM_PCA1,False,True,False,False,False,AI,0.0243579443743296,0.0465619773075514,0.6008841308687634,566,0.7479327432566977,0.7357736548052582,0.7584011666535979
log_wage,ilo_exposure_mean,HM_PCA1,False,True,False,False,False,HM,0.1683967309761746,0.0294002650501417,1.0178439326266452e-08,566,0.7479327432566977,0.7357736548052582,7.512414804409865e-07
log_wage,ilo_exposure_mean,HM_PCA1,False,True,False,False,False,log_emp,-0.049054139877475,0.0244139295385295,0.0445086653479797,566,0.7479327432566977,0.7357736548052582,
log_wage,ilo_exposure_mean,HM_PCA1,False,True,False,False,False,education_ord,0.7277567054691787,0.0543408363711497,6.693953781803697e-41,566,0.7479327432566977,0.7357736548052582,
log_wage,ilo_exposure_mean,HM_PCA1,False,True,False,False,False,self_emp,-0.0054100429384791,0.0285562240859642,0.8497383204685367,566,0.7479327432566977,0.7357736548052582,
log_wage,ilo_exposure_mean,HM_PCA1,True,True,False,False,False,AI,0.0281143601631085,0.048316035339965,0.5606443687101255,566,0.7481075413062318,0.7354660982119349,0.7398193731432583
log_wage,ilo_exposure_mean,HM_PCA1,True,True,False,False,False,HM,0.1709425287658234,0.0299715857949585,1.1738148131890416e-08,566,0.7481075413062318,0.7354660982119349,7.512414804409865e-07
log_wage,ilo_exposure_mean,HM_PCA1,True,True,False,False,False,AIxHM,0.016379650058869,0.0266037401641432,0.5380993053417942,566,0.7481075413062318,0.7354660982119349,0.7225333138763266
log_wage,ilo_exposure_mean,HM_PCA1,True,True,False,False,False,log_emp,-0.0496882294043546,0.0243278718249481,0.0411078610824972,566,0.7481075413062318,0.7354660982119349,
log_wage,ilo_exposure_mean,HM_PCA1,True,True,False,False,False,education_ord,0.729185838530727,0.0543747296392238,5.25681036467266e-41,566,0.7481075413062318,0.7354660982119349,
log_wage,ilo_exposure_mean,HM_PCA1,True,True,False,False,False,self_emp,-0.0046643928427395,0.0287575248541511,0.8711504871209509,566,0.7481075413062318,0.7354660982119349,
log_wage,observed_exposure,HM_equal_z,False,True,False,False,False,AI,-0.0068664772512271,0.0324931078879466,0.8326367684909837,562,0.743344310240307,0.7308713234482471,0.8839207150789588
log_wage,observed_exposure,HM_equal_z,False,True,False,False,False,HM,0.1264967820763138,0.0295573861307102,1.8714435755348875e-05,562,0.743344310240307,0.7308713234482471,0.0002177679796986
log_wage,observed_exposure,HM_equal_z,False,True,False,False,False,log_emp,-0.0522626955071664,0.0250721742008727,0.0371156221349763,562,0.743344310240307,0.7308713234482471,
log_wage,observed_exposure,HM_equal_z,False,True,False,False,False,education_ord,0.7622747376468785,0.0538545126970835,1.7559443922604442e-45,562,0.743344310240307,0.7308713234482471,
log_wage,observed_exposure,HM_equal_z,False,True,False,False,False,self_emp,-0.0090049441616396,0.0292911231028676,0.7585167671029982,562,0.743344310240307,0.7308713234482471,
log_wage,observed_exposure,HM_equal_z,True,True,False,False,False,AI,-0.0008936320093504,0.0425251012070276,0.9832343089397816,562,0.7434107912918866,0.7304371796156337,0.9856441486160796
log_wage,observed_exposure,HM_equal_z,True,True,False,False,False,HM,0.1273319044659558,0.0294776852091679,1.563099729943702e-05,562,0.7434107912918866,0.7304371796156337,0.0002177679796986
log_wage,observed_exposure,HM_equal_z,True,True,False,False,False,AIxHM,0.0097322044256589,0.030215833432185,0.7473848488614314,562,0.7434107912918866,0.7304371796156337,0.8501114996941016
log_wage,observed_exposure,HM_equal_z,True,True,False,False,False,log_emp,-0.0534234146564706,0.0254670651142978,0.0359276560603477,562,0.7434107912918866,0.7304371796156337,
log_wage,observed_exposure,HM_equal_z,True,True,False,False,False,education_ord,0.7625898668856451,0.0539966272078041,2.7439515412694802e-45,562,0.7434107912918866,0.7304371796156337,
log_wage,observed_exposure,HM_equal_z,True,True,False,False,False,self_emp,-0.0086635667662944,0.0293267775050206,0.7676769596267805,562,0.7434107912918866,0.7304371796156337,
log_wage,observed_exposure,HM_PCA1,False,True,False,False,False,AI,-0.0110474620738038,0.0317061064167943,0.7275148264738014,562,0.7475659178526213,0.7352980932996646,0.8501114996941016
log_wage,observed_exposure,HM_PCA1,False,True,False,False,False,HM,0.1573968120735702,0.029368395082242,8.350138588516103e-08,562,0.7475659178526213,0.7352980932996646,2.6720443483251526e-06
log_wage,observed_exposure,HM_PCA1,False,True,False,False,False,log_emp,-0.0524228874772148,0.0248476115091732,0.0348776787152466,562,0.7475659178526213,0.7352980932996646,
log_wage,observed_exposure,HM_PCA1,False,True,False,False,False,education_ord,0.7357032677943899,0.0537149695164712,1.0664142573972703e-42,562,0.7475659178526213,0.7352980932996646,
log_wage,observed_exposure,HM_PCA1,False,True,False,False,False,self_emp,-0.0091278297699249,0.0284506656073591,0.7483391509638317,562,0.7475659178526213,0.7352980932996646,
log_wage,observed_exposure,HM_PCA1,True,True,False,False,False,AI,-0.0074191108298569,0.0357463475764397,0.8355813009730781,562,0.7476611315692805,0.7349024247385137,0.8839207150789588
log_wage,observed_exposure,HM_PCA1,True,True,False,False,False,HM,0.1589822169887624,0.0292143674472153,5.270968682334353e-08,562,0.7476611315692805,0.7349024247385137,2.2489466377959906e-06
log_wage,observed_exposure,HM_PCA1,True,True,False,False,False,AIxHM,0.0126651300433529,0.031045439782252,0.6833070044619323,562,0.7476611315692805,0.7349024247385137,0.8409932362608397
log_wage,observed_exposure,HM_PCA1,True,True,False,False,False,log_emp,-0.0536387747629016,0.0250916137188939,0.0325397009194445,562,0.7476611315692805,0.7349024247385137,
log_wage,observed_exposure,HM_PCA1,True,True,False,False,False,education_ord,0.7358700149114558,0.0538687540566087,1.749623000351189e-42,562,0.7476611315692805,0.7349024247385137,
log_wage,observed_exposure,HM_PCA1,True,True,False,False,False,self_emp,-0.0085771395739134,0.0285443686635537,0.7638076383207846,562,0.7476611315692805,0.7349024247385137,
transfer,ilo_exposure_mean,HM_equal_z,False,True,False,False,False,AI,-0.0722284724907936,0.0580500776307891,0.2134097002606553,571,0.6802064917032408,0.6649222431449398,0.367392314475169
transfer,ilo_exposure_mean,HM_equal_z,False,True,False,False,False,HM,-0.0381335890373134,0.0342709354336243,0.2658332942795146,571,0.6802064917032408,0.6649222431449398,0.4307172363009857
transfer,ilo_exposure_mean,HM_equal_z,False,True,False,False,False,log_emp,-0.0310494791749856,0.0266552804907798,0.244078565915553,571,0.6802064917032408,0.6649222431449398,
transfer,ilo_exposure_mean,HM_equal_z,False,True,False,False,False,education_ord,-0.5644661946615537,0.0552415235031147,1.6444866096439121e-24,571,0.6802064917032408,0.6649222431449398,
transfer,ilo_exposure_mean,HM_equal_z,False,True,False,False,False,self_emp,-0.1618479932752513,0.0318260580315158,3.668667956071911e-07,571,0.6802064917032408,0.6649222431449398,
transfer,ilo_exposure_mean,HM_equal_z,True,True,False,False,False,AI,-0.1080782088925098,0.0574979033075722,0.0601503984808312,571,0.6856062030260464,0.6699733622925348,0.1638138511818384
transfer,ilo_exposure_mean,HM_equal_z,True,True,False,False,False,HM,-0.0467006818582675,0.0330746921203046,0.1579569355963729,571,0.6856062030260464,0.6699733622925348,0.2973307022990549
transfer,ilo_exposure_mean,HM_equal_z,True,True,False,False,False,AIxHM,-0.0878730234627787,0.0295256891215095,0.0029188741849824,571,0.6856062030260464,0.6699733622925348,0.0233509934798597
transfer,ilo_exposure_mean,HM_equal_z,True,True,False,False,False,log_emp,-0.0259772352817986,0.026487297094619,0.3267194175358003,571,0.6856062030260464,0.6699733622925348,
transfer,ilo_exposure_mean,HM_equal_z,True,True,False,False,False,education_ord,-0.5762410029466123,0.0548143290349111,7.558225526923915e-26,571,0.6856062030260464,0.6699733622925348,
transfer,ilo_exposure_mean,HM_equal_z,True,True,False,False,False,self_emp,-0.1654175561338169,0.0314316110727824,1.4189573792676666e-07,571,0.6856062030260464,0.6699733622925348,
transfer,ilo_exposure_mean,HM_PCA1,False,True,False,False,False,AI,-0.0714963984744491,0.0576952936647454,0.2152689342627943,571,0.6819871434482967,0.6667879995689874,0.367392314475169
transfer,ilo_exposure_mean,HM_PCA1,False,True,False,False,False,HM,-0.0692139440420207,0.0361383200427701,0.0554605349934887,571,0.6819871434482967,0.6667879995689874,0.1602008451513657
transfer,ilo_exposure_mean,HM_PCA1,False,True,False,False,False,log_emp,-0.0300387593139695,0.0264181345184613,0.2555170762949307,571,0.6819871434482967,0.6667879995689874,
transfer,ilo_exposure_mean,HM_PCA1,False,True,False,False,False,education_ord,-0.5486546309135781,0.0554175309760194,4.146951545014887e-23,571,0.6819871434482967,0.6667879995689874,
transfer,ilo_exposure_mean,HM_PCA1,False,True,False,False,False,self_emp,-0.1624344246792976,0.0313143033012988,2.134475743710125e-07,571,0.6819871434482967,0.6667879995689874,
transfer,ilo_exposure_mean,HM_PCA1,True,True,False,False,False,AI,-0.0959233904660767,0.0566014263586674,0.0901291493705295,571,0.6898925561806366,0.6744728490293975,0.2176703984797695
transfer,ilo_exposure_mean,HM_PCA1,True,True,False,False,False,HM,-0.0857449898934846,0.0344496121784388,0.0128103957490128,571,0.6898925561806366,0.6744728490293975,0.065589226234946
transfer,ilo_exposure_mean,HM_PCA1,True,True,False,False,False,AIxHM,-0.1106859398015061,0.0292084656635523,0.000150941259576,571,0.6898925561806366,0.6744728490293975,0.0014861908635182
transfer,ilo_exposure_mean,HM_PCA1,True,True,False,False,False,log_emp,-0.0259400225467123,0.0260941799626,0.3201779491769237,571,0.6898925561806366,0.6744728490293975,
transfer,ilo_exposure_mean,HM_PCA1,True,True,False,False,False,education_ord,-0.5586752054964805,0.0549172475867727,2.616210486226605e-24,571,0.6898925561806366,0.6744728490293975,
transfer,ilo_exposure_mean,HM_PCA1,True,True,False,False,False,self_emp,-0.1674264788899245,0.0306666544757772,4.77312613238822e-08,571,0.6898925561806366,0.6744728490293975,
transfer,observed_exposure,HM_equal_z,False,True,False,False,False,AI,0.0436997721378595,0.037864800334417,0.2484591076569909,565,0.6778273788672879,0.6622576982921011,0.4084791193244785
transfer,observed_exposure,HM_equal_z,False,True,False,False,False,HM,-0.0176131471734055,0.0345572919934857,0.610275938791567,565,0.6778273788672879,0.6622576982921011,0.7584011666535979
transfer,observed_exposure,HM_equal_z,False,True,False,False,False,log_emp,-0.0448894781360437,0.02824378219569,0.1119796154568801,565,0.6778273788672879,0.6622576982921011,
transfer,observed_exposure,HM_equal_z,False,True,False,False,False,education_ord,-0.5865020699110144,0.0568861896865128,6.343800021809094e-25,565,0.6778273788672879,0.6622576982921011,
transfer,observed_exposure,HM_equal_z,False,True,False,False,False,self_emp,-0.154481751193739,0.0311941362789839,7.335314239638255e-07,565,0.6778273788672879,0.6622576982921011,
transfer,observed_exposure,HM_equal_z,True,True,False,False,False,AI,0.013502335525443,0.0426473180450783,0.7515436724230202,565,0.6795552920043214,0.6634435469095666,0.8501114996941016
transfer,observed_exposure,HM_equal_z,True,True,False,False,False,HM,-0.0219358663543318,0.0341497647366859,0.520650424010317,565,0.6795552920043214,0.6634435469095666,0.7225333138763266
transfer,observed_exposure,HM_equal_z,True,True,False,False,False,AIxHM,-0.0498174136506976,0.0297217732870691,0.0937136686512121,565,0.6795552920043214,0.6634435469095666,0.2221361034695399
transfer,observed_exposure,HM_equal_z,True,True,False,False,False,log_emp,-0.0389089788944579,0.0287708622729856,0.1762555602753804,565,0.6795552920043214,0.6634435469095666,
transfer,observed_exposure,HM_equal_z,True,True,False,False,False,education_ord,-0.5886081536675732,0.0567357045822282,3.236892073276486e-25,565,0.6795552920043214,0.6634435469095666,
transfer,observed_exposure,HM_equal_z,True,True,False,False,False,self_emp,-0.1560911702545252,0.0309607693857544,4.617057459617971e-07,565,0.6795552920043214,0.6634435469095666,
transfer,observed_exposure,HM_PCA1,False,True,False,False,False,AI,0.039464172178735,0.0374690408367422,0.29222759083253,565,0.6792299189906217,0.6637280191648895,0.4617917484760968
transfer,observed_exposure,HM_PCA1,False,True,False,False,False,HM,-0.053579811570959,0.0360094588536126,0.1367674693394762,565,0.6792299189906217,0.6637280191648895,0.2778767631024278
transfer,observed_exposure,HM_PCA1,False,True,False,False,False,log_emp,-0.0430633137912233,0.0279718700390713,0.1236768721278105,565,0.6792299189906217,0.6637280191648895,
transfer,observed_exposure,HM_PCA1,False,True,False,False,False,education_ord,-0.570541456119024,0.0571663867321947,1.857804342909201e-23,565,0.6792299189906217,0.6637280191648895,
transfer,observed_exposure,HM_PCA1,False,True,False,False,False,self_emp,-0.155416619069324,0.0306552695999974,3.981975633269998e-07,565,0.6792299189906217,0.6637280191648895,
transfer,observed_exposure,HM_PCA1,True,True,False,False,False,AI,0.0194285547301873,0.0380451078750786,0.609581055762367,565,0.682244287763849,0.6662677435732045,0.7584011666535979
transfer,observed_exposure,HM_PCA1,True,True,False,False,False,HM,-0.0625715252443681,0.0353934450652792,0.0770802036292735,565,0.682244287763849,0.6662677435732045,0.193456197344059
transfer,observed_exposure,HM_PCA1,True,True,False,False,False,AIxHM,-0.0715127769185853,0.0305315608942997,0.0191674864451155,565,0.682244287763849,0.6662677435732045,0.0791431698378964
transfer,observed_exposure,HM_PCA1,True,True,False,False,False,log_emp,-0.0361531971158155,0.028261563644316,0.2008141180637535,565,0.682244287763849,0.6662677435732045,
transfer,observed_exposure,HM_PCA1,True,True,False,False,False,education_ord,-0.5722949927212316,0.0569844400542556,9.86234499561898e-24,565,0.682244287763849,0.6662677435732045,
transfer,observed_exposure,HM_PCA1,True,True,False,False,False,self_emp,-0.1582875821987081,0.0303902284734811,1.9037074586552546e-07,565,0.682244287763849,0.6662677435732045,
